<?xml version="1.0" encoding="UTF-8" standalone="yes"?>
<addon id="repository.DawgRepo" name="Dawg Repo" version="3.0" provider-name="The DawgFather">
    <extension point="xbmc.addon.repository" name="Example Repository">
        <dir>
            <info compressed="false">https://raw.githubusercontent.com/jason247g/DawgRepo.github.io/main/repo/zips/addons.xml</info>
            <checksum>https://raw.githubusercontent.com/jason247g/DawgRepo.github.io/main/repo/zips/addons.xml.md5</checksum>
            <datadir zip="true">https://raw.githubusercontent.com/jason247g/DawgRepo.github.io/main/repo/zips/</datadir>
        </dir>
    </extension>
    <extension point="xbmc.addon.metadata">
        <summary>DawgRepo</summary>
        <description>Repo for DawgWizard</description>
        <disclaimer></disclaimer>
        <platform>all</platform>
        <assets>
            <icon>icon.png</icon>
            <fanart>fanart.jpg</fanart>
        </assets>
    </extension>
</addon>
