{
    "Step 1-Install The Supported Addons You Use Here": {
        "icon": "https://github.com/jason247g/Dawg/raw/main/icon.png",
        "items": [
            {
                "name": "Install Ezra (DEBRID ONLY)",
                "url": "installaddon(plugin.video.ezra)"
            },
            {
                "name": "Install The Coalition (DEBRID ONLY)",
                "url": "installaddon(plugin.video.coalition)"
            },
            {
                "name": "Install Umbrella (DEBRID ONLY)",
                "url": "installaddon(plugin.video.umbrella)"
            },
            {
                "name": "Install Nightwing (Free and DEBRID)",
                "url": "installaddon(plugin.video.nightwing)"
            },
            {
                "name": "Install Patriot (DEBRID ONLY)",
                "url": "installaddon(plugin.video.patriot)"
            },
            {
                "name": "Install Fen (DEBRID ONLY)",
                "url": "installaddon(plugin.video.fen)"
            },
            {
                "name": "Install ReleasBB (DEBRID ONLY)",
                "url": "installaddon(plugin.video.releaseBB)"
            },
            {
                "name": "Install Chains (DEBRID ONLY)",
                "url": "installaddon(plugin.video.thechains)"
            },
            {
                "name": "Install Base 19 (DEBRID ONLY)",
                "url": "installaddon(plugin.video.base19)"
            },
            {
                "name": "Install The TV App (Free)",
                "url": "installaddon(plugin.video.thetvapp)"
            },
            {
                "name": "Install Homelander (FREE AND DEBRID)",
                "url": "installaddon(plugin.video.homelander)"
            },
            {
                "name": "Install The Crew (FREE AND DEBRID)",
                "url": "installaddon(plugin.video.thecrew)"
            },
            {
                "name": "Install Fights On Demand (FREE)",
                "url": "installaddon(plugin.video.fod)"
            },
            {
                "name": "Install Shazam (FREE AND DEBRID)",
                "url": "installaddon(plugin.video.shazam)"
            },
            {
                "name": "Install Magic Dragon (FREE AND DEBRID)",
                "url": "installaddon(plugin.video.magicdragon)"
            },
            {
                "name": "Install Asgard (FREE AND DEBRID)",
                "url": "installaddon(plugin.video.asgard)"
            }
        ]
    },
    "Trakt And Debrid Account Manager": {
        "icon": "https://techwiser.com/wp-content/uploads/2020/09/trakt-logo.png",
        "items": [
            {
                "name": "Authenticate Real Debrid",
                "url": "RunScript(script.module.accountmgr, action=realdebridAuth)"
            },
            {
                "name": "Authenticate Premiumize",
                "url": "RunScript(script.module.accountmgr, action=premiumizeAuth)"
            },
            {
                "name": "Authenticate All Debrid",
                "url": "RunScript(script.module.accountmgr, action=alldebridAuth)"
            },
            {
                "name": "Authenticate TRAKT",
                "url": "RunScript(script.module.accountmgr, action=traktAuth)"
            },
            {
                "name": "Re-Sync Debrid Accounts",
                "url": "RunScript(script.module.accountmgr, action=ReSyncAll)"
            },
            {
                "name": "Re-Sync TRAKT Accounts",
                "url": "RunScript(script.module.accountmgr, action=traktReSync)"
            },
            {
                "name": "View Real Debrid logins",
                "url": "ActivateWindow(10001,plugin://script.module.acctview/?mode=realdebrid,return)"
            },
            {
                "name": "View Premiumize logins",
                "url": "ActivateWindow(10001,plugin://script.module.acctview/?mode=premiumize,return)"
            },
            {
                "name": "View All-Debrid Logins",
                "url": "ActivateWindow(10001,plugin://script.module.acctview/?mode=alldebrid,return)"
            },
            {
                "name": "View Trakt Logins",
                "url": "ActivateWindow(10001,plugin://script.module.acctview/?mode=trakt,return)"
            },
            {
                "name": "Open Account Manager",
                "url": "addon.opensettings(script.module.accountmgr)"
            }
        ]
    }
}